{"cameraMode":{"drawMode":0,"name":"Shaded","section":"Shading Mode"},"sceneLighting":false,"audioPlay":false,"sceneViewState":{"showFog":true,"showMaterialUpdate":false,"showSkybox":true,"showFlares":true,"showImageEffects":true,"showParticleSystems":true},"in2DMode":false,"pivot":{"x":-15.720595359802246,"y":23.09454345703125,"z":33.163692474365237},"rotation":{"x":0.0041492092423141,"y":-0.14260250329971314,"z":-0.0005884412094019353,"w":-0.9897831678390503},"size":28.599321365356447,"orthographic":false}